ID_MANUTENCAO,ID_EQUIPAMENTO_B,ID_TECNICO_B,ID_SETOR_B,ID_TIPO_B,Data,Tempo_Parada,Tempo_Conserto,Status
1,1,8,3,1,2026-03-24,103,57,Pendente
2,1,5,3,2,2026-01-25,48,44,Pendente
3,1,9,3,3,2026-01-08,53,39,Concluída
4,1,4,3,1,2026-02-26,18,86,Concluída
5,1,9,2,3,2026-01-22,11,72,Concluída
6,1,2,3,3,2026-03-15,93,85,Pendente
7,1,9,4,1,2026-01-05,95,37,Pendente
8,1,2,4,3,2026-03-24,73,75,Concluída
9,1,10,4,3,2026-03-03,90,80,Concluída
10,1,7,2,2,2026-03-04,77,51,Concluída
11,1,7,2,1,2026-03-25,104,43,Pendente
12,1,3,2,1,2026-03-11,98,45,Concluída
13,1,6,4,2,2026-02-04,33,39,Pendente
14,1,7,2,1,2026-03-22,99,44,Concluída
15,1,3,2,1,2026-01-24,67,31,Pendente
16,2,4,4,2,2026-03-28,105,80,Pendente
17,2,1,4,3,2026-02-07,106,41,Concluída
18,2,4,3,2,2026-03-10,48,88,Concluída
19,2,9,2,3,2026-01-15,31,24,Pendente
20,2,8,3,1,2026-01-08,60,35,Pendente
21,2,8,1,2,2026-02-13,108,63,Pendente
22,2,4,1,1,2026-01-11,40,81,Pendente
23,2,4,4,3,2026-01-25,60,75,Concluída
24,2,1,1,3,2026-02-21,107,50,Concluída
25,2,6,1,1,2026-01-01,32,88,Concluída
26,2,9,2,3,2026-02-01,71,90,Concluída
27,2,1,3,3,2026-02-11,83,79,Pendente
28,2,3,1,1,2026-03-20,76,35,Concluída
29,2,5,3,1,2026-01-20,67,52,Concluída
30,2,1,3,3,2026-01-22,13,71,Pendente
31,3,9,2,1,2026-03-05,40,52,Concluída
32,3,2,3,2,2026-03-31,81,65,Concluída
33,3,6,3,1,2026-02-14,44,44,Pendente
34,3,5,4,3,2026-03-18,26,85,Concluída
35,3,1,4,3,2026-03-01,19,35,Pendente
36,3,3,4,2,2026-01-14,29,29,Concluída
37,3,1,1,1,2026-02-14,29,42,Concluída
38,3,10,2,3,2026-01-15,37,68,Pendente
39,3,8,2,1,2026-03-20,74,90,Pendente
40,3,8,1,2,2026-01-06,94,27,Concluída
41,3,3,4,3,2026-01-01,22,76,Pendente
42,3,7,3,2,2026-02-01,99,58,Pendente
43,3,6,1,1,2026-01-04,89,33,Pendente
44,3,4,1,1,2026-03-20,61,53,Pendente
45,3,5,2,1,2026-01-29,83,84,Concluída
46,4,9,4,1,2026-01-01,95,30,Concluída
47,4,4,1,2,2026-03-14,44,24,Concluída
48,4,8,4,1,2026-02-24,37,37,Concluída
49,4,5,1,1,2026-02-09,73,88,Concluída
50,4,9,3,2,2026-02-02,101,84,Pendente
51,4,8,3,3,2026-02-14,42,74,Pendente
52,4,2,1,3,2026-03-25,12,88,Concluída
53,4,3,2,3,2026-02-09,18,26,Pendente
54,4,7,4,3,2026-02-12,118,23,Pendente
55,4,10,1,2,2026-03-03,51,36,Pendente
56,4,2,4,1,2026-03-21,84,76,Concluída
57,4,10,2,1,2026-01-13,67,64,Pendente
58,4,3,1,3,2026-01-01,64,28,Concluída
59,4,10,3,1,2026-01-10,99,26,Pendente
60,4,2,3,1,2026-03-06,59,75,Concluída
61,5,5,1,1,2026-03-10,78,89,Pendente
62,5,1,3,1,2026-02-20,24,87,Pendente
63,5,6,1,3,2026-01-18,71,38,Pendente
64,5,10,3,1,2026-02-02,84,62,Pendente
65,5,4,1,3,2026-01-27,24,56,Pendente
66,5,1,2,2,2026-01-28,54,75,Concluída
67,5,9,4,1,2026-02-21,16,58,Pendente
68,5,4,1,2,2026-02-16,64,57,Concluída
69,5,7,3,1,2026-02-14,92,87,Concluída
70,5,9,4,3,2026-03-26,57,45,Concluída
71,5,1,3,2,2026-01-25,17,63,Concluída
72,5,2,3,3,2026-01-19,79,78,Concluída
73,5,7,4,1,2026-02-13,11,66,Concluída
74,5,2,3,3,2026-02-22,25,20,Concluída
75,5,3,3,3,2026-02-15,120,81,Concluída
76,6,3,2,1,2026-03-31,93,75,Pendente
77,6,2,4,1,2026-02-23,112,36,Concluída
78,6,8,1,3,2026-03-02,29,29,Pendente
79,6,10,1,2,2026-03-16,65,27,Concluída
80,6,5,1,1,2026-02-25,59,51,Pendente
81,6,1,1,2,2026-03-22,24,80,Pendente
82,6,2,1,2,2026-03-25,45,78,Pendente
83,6,6,4,1,2026-01-11,49,55,Concluída
84,6,2,4,2,2026-01-04,85,81,Pendente
85,6,8,2,1,2026-02-24,54,52,Concluída
86,6,3,3,3,2026-03-20,112,42,Concluída
87,6,9,2,3,2026-02-10,83,87,Concluída
88,6,2,1,2,2026-03-23,75,89,Pendente
89,6,7,4,3,2026-03-16,36,29,Concluída
90,6,1,3,3,2026-02-17,96,23,Pendente
91,7,6,3,1,2026-03-02,26,89,Pendente
92,7,1,4,1,2026-03-18,97,80,Concluída
93,7,1,3,1,2026-02-19,109,57,Pendente
94,7,1,4,1,2026-03-26,70,62,Pendente
95,7,1,2,2,2026-01-18,50,35,Concluída
96,7,3,3,2,2026-01-04,120,57,Concluída
97,7,3,2,1,2026-01-15,97,53,Pendente
98,7,3,1,2,2026-03-24,86,35,Concluída
99,7,6,4,3,2026-01-06,105,82,Concluída
100,7,1,3,3,2026-01-04,36,29,Pendente
101,7,1,1,3,2026-01-12,42,88,Pendente
102,7,7,1,1,2026-03-28,49,41,Concluída
103,7,5,1,1,2026-03-27,111,78,Concluída
104,7,4,3,2,2026-03-08,30,86,Pendente
105,7,7,3,2,2026-02-24,42,25,Pendente
106,8,6,2,1,2026-03-07,96,89,Concluída
107,8,3,2,1,2026-02-25,12,27,Pendente
108,8,3,3,2,2026-01-31,120,44,Concluída
109,8,7,1,1,2026-02-27,21,59,Pendente
110,8,4,4,2,2026-02-27,101,86,Pendente
111,8,3,4,3,2026-03-11,41,42,Pendente
112,8,7,1,1,2026-03-16,38,81,Pendente
113,8,2,2,1,2026-03-24,25,50,Pendente
114,8,8,3,1,2026-01-13,42,32,Concluída
115,8,2,3,2,2026-02-12,77,90,Concluída
116,8,9,1,3,2026-02-21,35,86,Pendente
117,8,1,3,1,2026-02-03,94,74,Pendente
118,8,2,2,3,2026-03-14,105,37,Pendente
119,8,3,3,2,2026-02-20,17,78,Pendente
120,8,2,4,3,2026-02-24,96,34,Concluída
121,9,5,2,2,2026-01-18,27,29,Pendente
122,9,7,2,1,2026-03-06,79,83,Pendente
123,9,10,3,3,2026-02-11,110,82,Concluída
124,9,1,1,3,2026-03-23,65,62,Pendente
125,9,8,4,3,2026-02-12,26,50,Concluída
126,9,9,2,3,2026-03-25,89,70,Concluída
127,9,2,2,2,2026-01-23,87,80,Concluída
128,9,1,4,1,2026-03-22,83,48,Pendente
129,9,8,1,2,2026-02-21,55,69,Concluída
130,9,2,1,2,2026-03-10,29,31,Concluída
131,9,6,2,2,2026-03-06,21,28,Concluída
132,9,3,4,3,2026-01-20,60,83,Pendente
133,9,4,1,2,2026-02-20,88,32,Pendente
134,9,7,3,1,2026-03-08,17,74,Concluída
135,9,1,1,2,2026-01-30,95,36,Pendente
136,10,9,2,3,2026-03-17,109,88,Concluída
137,10,7,3,2,2026-02-02,43,32,Concluída
138,10,7,3,1,2026-01-22,26,26,Concluída
139,10,3,2,3,2026-02-06,80,27,Concluída
140,10,8,3,3,2026-03-30,87,57,Pendente
141,10,10,1,3,2026-03-01,78,22,Pendente
142,10,9,2,2,2026-01-05,118,49,Pendente
143,10,4,3,2,2026-01-15,45,47,Pendente
144,10,3,1,1,2026-03-17,120,25,Concluída
145,10,6,4,3,2026-03-08,66,82,Concluída
146,10,8,2,3,2026-02-08,57,50,Pendente
147,10,7,2,3,2026-02-21,14,24,Concluída
148,10,7,3,1,2026-01-20,28,50,Concluída
149,10,5,2,2,2026-02-19,84,26,Concluída
150,10,9,3,2,2026-01-18,17,26,Concluída
