ID_ATENDIMENTO,ID_PACIENTE_B,ID_MEDICO_B,ID_SETOR_B,ID_TIPO_B,Data,Tempo_Espera,Tempo_Atendimento,Satisfacao
1,1,2,2,3,2026-03-09,32,39,5
2,1,10,2,4,2026-02-20,48,11,1
3,1,10,1,3,2026-01-22,49,15,2
4,1,7,1,2,2026-02-01,5,29,4
5,1,5,2,3,2026-03-27,25,19,4
6,2,8,4,3,2026-03-23,48,23,5
7,2,7,3,1,2026-02-22,47,21,1
8,2,1,3,2,2026-01-24,58,28,1
9,2,4,3,3,2026-03-20,5,13,4
10,2,2,1,3,2026-03-30,30,37,5
11,3,2,4,4,2026-03-19,38,37,1
12,3,9,2,3,2026-01-10,54,23,2
13,3,1,4,3,2026-02-16,11,12,5
14,3,1,4,2,2026-03-21,57,13,3
15,3,6,2,4,2026-03-10,12,25,3
16,4,2,4,1,2026-01-15,21,10,3
17,4,8,1,1,2026-02-11,58,23,5
18,4,8,2,1,2026-02-23,56,12,5
19,4,4,1,4,2026-01-16,38,30,5
20,4,2,2,2,2026-01-08,27,27,2
21,5,8,4,1,2026-01-15,28,28,2
22,5,1,4,1,2026-01-09,12,18,2
23,5,8,1,1,2026-02-03,28,24,4
24,5,8,2,2,2026-01-13,7,39,3
25,5,8,3,4,2026-03-23,6,38,4
26,6,5,1,2,2026-01-27,17,29,5
27,6,2,3,3,2026-02-02,39,29,5
28,6,4,4,3,2026-03-27,9,21,3
29,6,6,1,4,2026-02-07,9,36,3
30,6,4,4,2,2026-03-03,43,30,2
31,7,4,4,1,2026-02-28,17,39,3
32,7,1,3,2,2026-03-14,29,30,2
33,7,5,3,1,2026-03-24,39,30,4
34,7,9,2,1,2026-02-12,54,17,1
35,7,6,2,1,2026-01-06,10,16,1
36,8,9,3,2,2026-03-13,40,19,3
37,8,5,2,1,2026-01-30,50,23,5
38,8,6,3,4,2026-01-30,20,29,4
39,8,5,1,2,2026-02-22,30,38,2
40,8,1,3,2,2026-03-20,19,21,2
41,9,8,3,1,2026-01-04,33,19,5
42,9,10,2,1,2026-01-03,58,33,2
43,9,6,2,1,2026-02-28,25,28,1
44,9,1,3,3,2026-03-17,10,26,2
45,9,3,2,3,2026-03-14,45,18,4
46,10,2,3,4,2026-03-06,16,19,3
47,10,5,2,3,2026-01-25,6,13,5
48,10,10,2,3,2026-01-27,40,17,5
49,10,5,2,1,2026-03-23,37,26,5
50,10,8,2,1,2026-03-01,58,14,4
51,11,4,3,1,2026-02-14,43,31,1
52,11,10,2,4,2026-03-04,47,13,5
53,11,5,1,4,2026-01-02,57,18,3
54,11,6,2,2,2026-03-02,10,23,3
55,11,6,1,3,2026-03-31,40,20,1
56,12,5,4,1,2026-03-04,42,39,4
57,12,7,2,3,2026-01-26,49,20,3
58,12,8,2,1,2026-03-22,36,38,3
59,12,2,3,3,2026-03-07,23,22,3
60,12,10,2,2,2026-02-25,13,11,2
61,13,6,2,3,2026-01-20,59,31,4
62,13,2,4,4,2026-02-20,17,12,2
63,13,6,4,1,2026-01-11,20,33,5
64,13,10,3,1,2026-02-21,20,16,4
65,13,6,3,1,2026-03-20,27,19,4
66,14,3,1,1,2026-03-01,5,22,2
67,14,8,3,1,2026-03-29,32,16,4
68,14,6,3,2,2026-03-21,44,16,4
69,14,3,4,1,2026-02-18,56,34,2
70,14,7,2,1,2026-03-12,41,23,1
71,15,4,1,3,2026-02-28,44,40,5
72,15,9,3,4,2026-03-22,47,27,5
73,15,5,1,2,2026-02-06,14,23,5
74,15,3,2,4,2026-01-25,25,39,5
75,15,4,2,3,2026-03-13,15,14,5
76,16,5,2,4,2026-01-16,59,19,1
77,16,6,4,1,2026-03-21,40,40,2
78,16,9,4,4,2026-03-23,30,35,2
79,16,5,2,1,2026-03-14,30,35,5
80,16,10,2,3,2026-01-11,34,34,5
81,17,9,3,1,2026-02-01,19,37,4
82,17,5,2,1,2026-02-01,9,29,2
83,17,9,1,2,2026-02-23,26,29,4
84,17,7,2,2,2026-03-02,10,34,2
85,17,8,1,4,2026-03-21,18,15,1
86,18,4,1,1,2026-01-15,15,40,2
87,18,6,1,3,2026-01-15,6,17,3
88,18,4,2,4,2026-02-23,36,31,4
89,18,7,3,1,2026-02-05,11,29,4
90,18,1,3,2,2026-03-23,53,25,3
91,19,8,3,4,2026-02-27,50,39,1
92,19,3,4,3,2026-02-18,22,21,5
93,19,1,3,4,2026-02-23,31,17,3
94,19,10,3,3,2026-03-29,56,10,3
95,19,1,4,4,2026-02-10,30,28,1
96,20,10,2,1,2026-03-06,37,33,2
97,20,9,2,1,2026-03-13,51,19,1
98,20,5,2,4,2026-01-21,56,32,5
99,20,5,4,3,2026-02-06,25,33,4
100,20,2,1,2,2026-01-13,5,32,5
101,21,4,2,3,2026-03-12,46,40,2
102,21,5,2,3,2026-01-31,46,15,4
103,21,1,3,2,2026-03-30,20,24,1
104,21,4,4,4,2026-03-08,18,37,5
105,21,7,2,4,2026-02-27,9,17,4
106,22,1,1,2,2026-03-12,19,24,1
107,22,9,2,2,2026-01-29,50,12,5
108,22,4,3,4,2026-01-28,34,18,5
109,22,5,1,3,2026-03-03,54,13,4
110,22,7,4,2,2026-03-21,33,36,3
111,23,10,1,2,2026-01-21,6,32,2
112,23,5,1,3,2026-03-26,16,11,5
113,23,5,3,3,2026-02-14,32,17,2
114,23,10,4,1,2026-03-12,47,30,1
115,23,7,3,4,2026-01-18,51,26,1
116,24,8,3,4,2026-03-07,45,36,4
117,24,2,2,3,2026-01-02,8,37,5
118,24,5,3,3,2026-03-07,41,21,4
119,24,5,1,1,2026-01-31,46,26,5
120,24,10,4,2,2026-01-22,45,23,1
121,25,2,3,4,2026-02-05,28,13,4
122,25,6,2,3,2026-01-24,6,31,2
123,25,1,3,2,2026-02-25,37,35,4
124,25,10,2,4,2026-01-10,47,29,5
125,25,9,4,1,2026-03-31,27,15,3
126,26,7,3,1,2026-01-07,58,35,4
127,26,7,4,3,2026-02-13,20,37,5
128,26,1,1,1,2026-03-30,11,26,2
129,26,4,1,3,2026-02-01,46,28,3
130,26,8,4,1,2026-01-07,32,14,3
131,27,10,4,4,2026-01-02,30,27,1
132,27,5,2,2,2026-02-18,34,23,4
133,27,9,1,2,2026-02-22,21,39,4
134,27,7,4,4,2026-01-29,19,15,3
135,27,9,3,2,2026-03-23,19,38,3
136,28,1,1,1,2026-02-05,6,21,5
137,28,1,2,3,2026-01-10,20,32,3
138,28,4,3,1,2026-03-20,54,34,2
139,28,9,2,4,2026-02-19,37,22,2
140,28,8,4,1,2026-01-27,60,27,2
141,29,7,2,4,2026-01-02,6,12,1
142,29,5,2,1,2026-03-17,19,10,3
143,29,6,2,2,2026-01-05,24,33,3
144,29,5,1,2,2026-03-02,35,24,4
145,29,6,2,1,2026-01-15,52,12,4
146,30,5,4,1,2026-03-08,35,18,1
147,30,1,1,4,2026-01-18,43,20,2
148,30,10,2,3,2026-03-23,51,33,5
149,30,5,4,3,2026-02-08,48,28,5
150,30,5,4,4,2026-03-01,25,37,2
